,Intercept,C(Month)[T.2],C(Month)[T.3],C(Month)[T.4],C(Month)[T.5],C(Month)[T.6],C(Month)[T.7],C(Month)[T.8],C(Month)[T.9],C(Month)[T.10],C(Month)[T.11],C(Month)[T.12],CPI,Unemployment,Fuel_Price,Holiday_Flag,Cluster,Risk_Tier,Avg_Weekly_Sales
1,0.39148318685903993,0.04243751652024742,0.033052132911981134,0.009671324836901305,0.02708663535476522,0.01858474650937289,0.010287971329220165,0.040951075482612294,0.009055188994124193,0.030343357049743426,0.12689085544840403,-0.006321933403383023,-0.0014229127212239522,-0.015693169939617026,0.004654475739484184,-0.015362867307269358,0,Stable,1555264.3975524476
2,1.2875565486864589,0.041699405983883414,0.018517073915071826,0.02067348554276793,0.039581914642060984,0.02236005176381583,0.005644172569768394,0.03729905486383078,0.006495957488189092,0.031954167066942644,0.14307761811425154,0.006258919360084297,-0.005002371608385089,-0.03364635962694997,0.008106199536486093,-0.02678501512385762,0,Stable,1925751.3355244757
3,-0.23336417680659238,0.04116415883883944,0.012311672382405263,0.027171573220414847,0.030142482950435565,0.033225239139483095,0.011163478885038493,0.04080000157913398,0.019007105672268137,0.033771731319070596,0.15371929181937047,-0.02840046419184508,0.0008263095653990239,0.005205819042589585,-0.0032643562354150654,0.00777579863794399,0,Stable,402704.44104895106
4,3.7155876743608527,0.054434459211748165,0.015993449668465894,0.022557119267369617,0.029014198640277607,0.01568455109115801,-0.001022105683106512,0.008897895449356279,0.013095996728395481,0.02201386151039196,0.11749806989309378,-0.00935045947097192,-0.027517631852689878,-0.03588761115322918,0.008144190553972017,-0.040313169820460626,3,Moderately Exposed,2094712.9606993007
5,-0.7946538802411841,0.01139931408941912,0.03655221804991196,0.04591093171042587,0.03985638284752548,0.025716052350023444,0.01157215681865249,0.05559988191252825,0.005817769530488008,0.028873592062481773,0.18191106046629713,-0.05077047655857551,0.0031012569879539298,0.023484251684983852,-0.016418663470259894,0.05859860384239676,0,Stable,318011.8104895105
6,0.19521451984840676,0.05214076566364435,0.05056989372854747,0.04623957880464423,0.06005014204208769,0.04490875128702952,0.02853190744483787,0.03616543404165045,0.01665988129543724,0.05589120895374482,0.1849290194417753,0.008978502116158665,-0.0007945712977319584,-0.009201480621498018,-0.00044370657331042895,-0.008221471147784876,0,Stable,1564728.1862937063
7,-0.38377240787147054,0.08091588098055735,0.09518335626359904,0.03546612754773909,0.12601321194724305,0.1591343291872437,0.09926344757442945,0.06946075608068644,0.032406224424644206,0.08882157236377486,0.2583785440704067,0.08519720461894521,0.0010042713322058437,0.011902207620255673,-0.0006203720092519179,0.089773093009336,0,Stable,570617.3086713287
8,-0.2664410253167189,0.039910314658502866,-0.006225659427998412,0.015476854329235623,0.024142727571654872,0.004659903233488916,-0.000991237880559076,0.04164481015716443,-0.009841526062937467,0.023124615028121347,0.12790510329624122,-0.027370230011912522,0.0010503406059868981,0.008168256918460395,-0.007130530848063419,-0.03318590547469458,0,Stable,908749.5183916084
9,-0.4297027660868018,0.028905234147389047,0.01606100473197149,0.021449296041089694,0.02985344952831208,0.005113104550904336,-0.007441913206012227,0.045012953332663815,-0.008713985735869217,0.03625119263822216,0.13572691569753384,-0.037351718279192724,0.00164209791423231,0.012477071321613895,-0.006421896935809215,0.001520910740827608,0,Stable,543980.5523776223
10,3.1822954284756233,0.05922581200217257,0.011766157456094974,0.02277765487793036,0.027693561371172112,0.010433514687066403,0.0254544146960439,0.0047096631911744055,0.01285945031833502,0.02199518936888716,0.17598800815784416,-0.011909832154516825,-0.022951796750209877,-0.04158978821319041,0.027378394496680267,0.0004482371293911547,3,Moderately Exposed,1899424.5726573425
11,-0.4166003714097112,0.06381493801861815,0.013103961404290706,0.0351001592521369,0.025273744415752815,0.02984126709634196,0.02399903347688459,0.0455437058381586,0.010720194286232339,0.03694495948077473,0.1406401817938426,0.003024709789042554,0.0014667613473528284,0.012288647191921832,-0.006179811703826706,-0.03426774911347777,0,Stable,1356383.1244755245
12,-1.7569428075016598,0.05928245477611534,0.017406342390974272,0.03818238668725929,0.03819075863839816,0.03706687764035218,0.021095488364047156,0.06609088342879153,-0.006031915440235828,0.06671684216675748,0.1947086151904471,-0.024675444619585665,0.013540313021248982,0.009015504126607347,-0.03823676700002229,0.021620018912305042,2,Resilient,1009001.6094405595
13,4.372476292034091,0.05337508580602359,0.034721535377230064,0.023161143176406856,0.02219642580886095,0.023574544670126665,-0.008100669015091754,0.023624370793050346,-0.006755287816658968,0.018649521325274344,0.12924296164339824,-0.004918975632275405,-0.03198902691594217,-0.05586253320075088,0.03656889468020171,-0.023344218950998065,3,Moderately Exposed,2003620.3062937064
14,0.672667608537015,0.05345097124130378,0.028993107553157187,0.03557592525692059,0.05553762886824404,0.012973416720069186,0.014469058150846498,0.05544941698577628,0.016836454370610016,0.05538799048068886,0.13019551301155555,-0.004467242615352127,-0.0011754386865206847,-0.054284004822928555,-0.003884649837893153,-0.014686564565577508,0,Stable,2020978.4009790209
15,-0.15450755459806678,0.05713332632520414,0.05608345593446006,0.060228847097916836,0.1184157364575252,0.04010021747521058,0.030346757594198026,0.06463091982643981,0.007058595131025476,0.06585355543471715,0.23952750485674631,-0.013263179179499818,0.004359871516913158,-0.0479913354754711,-0.028543074869304647,0.05852431759163852,2,Resilient,623312.474965035
16,1.4333305872702642,0.08801749823858435,0.08855659776225917,0.03577490120347074,0.1361393364782414,0.11908575842300437,0.07889296441500732,0.08250480643739369,0.04772720141296686,0.09527875470517297,0.18511098221459305,0.11328791371283514,-0.005509656246552023,-0.061970840192730636,-0.013938634214777606,-0.009290298663465625,2,Resilient,519247.7300699301
17,0.6436411202454849,-0.08992682944496452,-0.061635699324816176,-0.0531845337049498,-0.05545670425392833,-0.070574604981625,-0.08720836869729463,-0.0805935117974308,-0.06388180659172683,-0.06847478129840542,-0.03636386044901477,-0.1435357177302165,-0.00478403772489747,-0.0034765676920828215,0.020379260720546945,0.12359511057290001,0,Stable,893581.3904195804
18,1.9524303900157074,0.03827357320234528,0.022192335694598452,0.03000773634133564,0.06458303554288077,0.037232788432954494,0.019584492603398118,0.08909836729270816,0.01403193520800991,0.08069115725156945,0.15461256028880266,-0.026605957298669904,-0.012428537782178794,-0.04691536135362048,0.03036418327309609,0.08019690021640183,3,Moderately Exposed,1084718.421048951
19,-0.13039041038060906,0.016743082011916093,0.020142270481233543,0.024073055223178264,0.0560824162014634,0.0035918630461818438,-0.0025061045358357667,0.05790640154921321,-0.01646815057833019,0.02087829322141163,0.11905811867554504,-0.010263282236057866,0.0038917978961410474,-0.03909741495220028,-0.02742309792026385,-0.008863065355300008,2,Resilient,1444999.0356643356
20,0.7279170904597062,0.06679857811863577,0.03850565845094524,0.046733875918264875,0.06365068137303846,0.03390397158582668,0.025830607884850712,0.04670886644362131,0.047027989699432685,0.04341957157271835,0.14997591090860235,0.008959734790937132,-0.0012252212468350497,-0.058696866889599755,-0.02163755617339264,-0.07604037403869673,2,Resilient,2107676.8703496503
21,0.2800151605623713,0.06489335871399746,0.024920758575642236,0.031378596929707486,0.04521040593181391,0.039540870960758596,0.024721281130114743,0.06588478721065663,-0.016389742609000613,0.05530540009312768,0.19605718419194298,-0.0006545368314617162,-0.0013802034830120422,-0.005082562150236846,0.006662506745495629,0.026110892607548966,0,Stable,756069.0833566433
22,0.0330139042712414,0.03824901874307411,0.035818032358217136,0.0198688856018037,0.04887980081259641,0.019662125958742917,-0.0012879359670911437,0.05529292653016039,-0.00981834040947234,0.05204090136416487,0.14413373480365277,-0.030106076401736917,-0.0007200898190523868,0.0025429158691887555,0.007849144300253054,-0.0007486911462886298,0,Stable,1028501.0389510489
23,3.3914580744563816,0.07152624757800327,0.06050398183665713,0.03979590621425652,0.08797311682221082,0.03408800866555503,0.022723570173425498,0.09000296964414732,-0.0053674919413142855,0.05648012458629671,0.19842679395873233,-0.0029070519805704034,-0.021827002523032796,-0.10003216432768705,-0.00109124842008302,-0.021181883213528915,3,Moderately Exposed,1389864.4604895106
24,0.10509715971166822,0.0393132556300675,0.03853555292109069,0.04325509203179888,0.07471155158215494,0.03863530157142549,0.03809968752839277,0.046076192574008024,0.009761194376633892,0.054250501266445275,0.12341557523672338,0.012413714007684512,-0.001743503594163304,0.007611697719123598,0.007569980681285379,0.05540314978948447,0,Stable,1356755.3935664336
25,0.12130567710880791,0.031227447588191258,0.05068178557530682,0.03467774781977705,0.06277804645110614,0.013389456909525567,0.010739939689535526,0.04248553262418678,0.009902891389255444,0.043946190219684406,0.17635134523101686,-0.02674383666400075,-1.0254032396726483e-05,-0.01538541861264992,-0.009177331535275382,-0.0373789452774206,0,Stable,706721.5326573426
26,5.359146239552009,0.05433815102247555,0.07992003300013167,0.09872103743609732,0.14816910703755004,0.09134454877074669,0.09241071498648037,0.1009409024922917,0.07551725487881517,0.056339642096981335,0.1486336319878298,0.022240966435591154,-0.025483191877899866,-0.2224275091668691,-0.07088231441599831,0.024612288356864735,1,High-Risk,1002911.8446853146
27,0.05424898938239103,0.04544277029657713,0.054907244037233786,0.03744297500080078,0.06262113578816347,0.03600427533478644,0.018755745737336765,0.05340288463985099,-0.0057915928785994275,0.05029551051477192,0.15197333930205742,-0.023979581730731267,0.00036188645289274724,-0.01682648886386765,-0.0008125795747165876,0.034224202762108476,0,Stable,1775216.2019580419
28,-2.2524939680734413,0.036017425938882165,-0.009825834115696121,0.01581337227077373,0.023171668782224444,0.02503122951428989,0.0047485302426426845,0.03459428230638685,0.009288307533928022,0.04570554212441706,0.1607505019673814,-0.0630120728665296,0.01820474393208667,0.008599050429983641,-0.05845928927911567,-0.014037353548766188,2,Resilient,1323522.241818182
29,0.46950043781254935,0.07145458915742355,0.06574302228854181,0.052008258203711154,0.08458378712989681,0.05748316099886764,0.02845302351586504,0.10422828339793552,0.004842223190304709,0.08712446828631548,0.2565854324014982,-0.0022715929961603654,-0.003519107321006366,-0.009627916625234732,0.013044179162612884,0.05497648856100912,0,Stable,539451.4287412588
30,1.1812492738465195,-0.01173256397027253,-0.024855804507390604,-0.029138249777482216,-0.021730759849596264,-0.032685950436517036,-0.03304978655107675,-0.030730767195285218,-0.019861380774281095,-0.02224947677681306,0.0012540588764039517,-0.03942509368006583,-0.004398741018202424,-0.029743093233299864,0.006667757144376745,-0.038283370428646706,0,Stable,438579.6162237762
31,2.014786877031123,0.019850130777215026,-0.0020217785053116763,0.002023299337104597,0.014304699072772594,0.008145240454976721,-0.007388146365564821,0.018647032178973608,-0.013946209017644907,0.011045722765600216,0.1157860435563064,-0.03144039766574773,-0.008000745224776375,-0.04730177087708835,0.020506064443043863,0.0054261899002204725,3,Moderately Exposed,1395901.437062937
32,0.6654355769913085,0.016339657676486034,0.004075747471288889,0.002800908552786186,0.022056906439558686,-0.010434396183670107,-0.0067564428837043645,0.007780288222421659,-0.003850023636093422,0.013300665768857295,0.12267020570797778,-0.03139533969329315,-0.0023750060559497178,-0.022302033140671793,-0.004076065848984045,-0.03854880724933994,0,Stable,1166568.154965035
33,2.1812418791488035,-0.021434625372519313,-0.007311513783099719,0.0026897807235709142,-0.003650198576319095,-0.021730322522635175,-0.026222969363591447,-0.024167251703967975,-0.029711576434382,-0.02357683223868145,-0.007341436741680987,-0.051677630933705566,-0.014420022601148667,-0.03366300940100837,-0.006181025257721021,0.08048354811607938,0,Stable,259861.69202797202
34,-1.102944327123708,0.044692367514511805,0.027350519632720102,0.035011728447176274,0.05484602232945557,0.016995167508759196,0.01715650752077473,0.03347359021068336,0.03082253947711821,0.041981737904474244,0.12310855120480707,-0.007064540109879211,0.008196438989974741,0.014650440685388375,-0.038835404158426665,-0.005535336568995498,2,Resilient,966781.5594405595
35,-0.01869260668265335,0.052175316323777296,0.0441827602760035,0.05891840313374925,0.07918161940558308,0.05520441308473696,0.02487610539007138,0.05056712960491771,-0.024863416537131394,0.05796448145479351,0.2892399099145836,-0.06279213930487233,0.005110958013545655,-0.07216572459603048,-0.029948278265018273,0.14654346593142673,2,Resilient,919724.9795804196
36,2.514971850417998,0.0019800275621295466,-0.014681640757346381,-0.015789818534241253,-0.015244379343741673,-0.00970331570037929,-0.01905613442689322,-0.019137616694506164,-0.014076809565216883,-0.01956304987212223,0.017758666765826655,-0.019182500983915846,-0.010219216421634127,-0.051031360776982136,0.028856638982813102,-0.020242847020428383,3,Moderately Exposed,373511.9927972028
37,0.34126061472461544,-0.011750770058808504,-0.027889159206558108,-0.03658535488978358,-0.028307242726302185,-0.044725177087053376,-0.03448237807384082,-0.024254281733753588,-0.02053157682928878,-0.030881455501800124,-0.008948896293774017,-0.03539122365459863,-0.0011532281970733273,-0.007538662895544564,8.040545745663027e-05,-0.08581289270955329,0,Stable,518900.2819580419
38,0.18395619407398955,-0.04926540716412786,-0.053366037116635776,-0.05178052977534593,-0.049790458172284426,-0.059698019647480186,-0.05060601387227045,-0.05034147464463712,-0.04463746402193628,-0.04580342552925264,-0.02888604386634274,-0.07264474376249301,-0.0006919161297522861,-0.0023809166005133602,-0.0018993142308095998,-0.048470954891162495,0,Stable,385731.6532867133
39,-0.022182096818372576,0.038594250693091546,0.03790041919190431,0.03494108129515324,0.04252301494311761,0.014648111053457157,0.03144759002956175,0.051262398549770105,-0.007740431012305059,0.04505698667354748,0.17859274074523634,-0.015196089614066315,-1.633485988223552e-05,0.0002621760198410032,-0.0005521607388868609,-0.011107417247239654,0,Stable,1450668.1291608391
40,5.279340092868296,0.08011914061059537,0.06481210535812312,0.03996092798510516,0.09172796109807166,0.045169827309032476,0.042067067171562965,0.05655806294887085,0.04995916640946053,0.057977362612335215,0.13196792346526198,0.025139351881558913,-0.03299540256592678,-0.1651405919528485,-0.02243042953703806,-0.02624080740276888,1,High-Risk,964128.0404895104
41,1.452167839003065,0.03221735508913027,0.028333667788221883,0.026260352383728806,0.050647097898627154,0.007750760223291828,0.017356818541312963,0.022589210053186367,0.005553845714866737,0.03001073440748883,0.1680076017541318,-0.009692448142872234,-0.005344011356162052,-0.055762882575994904,-0.014420928940287308,-0.010719245090879903,2,Resilient,1268125.418811189
42,4.483947707484242,-0.04338440397460146,-0.02597484531381982,-0.03120079317566385,-0.020981921342251686,-0.03552437569424067,-0.0556203382492752,-0.049113075826214186,-0.04688903759580075,-0.05571872090899766,-0.03426528153918398,-0.09145441258510292,-0.029486541267516337,-0.07195631474577102,-0.011966697521164867,0.0384732318143831,3,Moderately Exposed,556403.863146853
43,0.21729745898606156,-0.02848340405338693,-0.03166962238452318,-0.03380578663951613,-0.03715525671196834,-0.02956079966752067,-0.043025361027180895,-0.019627550654922922,-0.03609942778974667,-0.03175810169256361,-0.007641752072197382,-0.06967217820118299,-0.0007707101570678292,-0.004348103709940231,0.006075746016254366,0.006627757992566958,0,Stable,633324.7231468532
44,4.256410682228308,-0.008502402756256855,-0.0264735090111127,-0.036522499125412555,-0.02667558766417509,-0.0500411296565537,-0.06325852568309209,-0.030368714192920764,-0.03888106608358548,-0.052050811401004954,-0.020943478122100567,-0.04356018179978177,-0.031068000693373753,-0.049464134679172225,0.03620724237164269,-0.07136352060914496,3,Moderately Exposed,302748.86601398606
45,0.6011244728846878,0.09897272258924604,0.06473248393682478,0.05998193653859732,0.08606298980946922,0.05125727359821116,0.04371504249346478,0.0802562908550769,0.0551425918331839,0.08056619655591954,0.20973167468455312,0.05193471076566605,-0.0007435358284510617,-0.05724836379041864,-0.007959313316161357,-0.048521341079549474,0,Stable,785981.4085314686
